<?xml version="1.0" encoding="UTF-8"?>
<config xmlns="http://www.knime.org/2008/09/XMLConfig" xmlns:xsi="http://www.w3.org/2001/XMLSchema-instance" xsi:schemaLocation="http://www.knime.org/2008/09/XMLConfig http://www.knime.org/XMLConfig_2008_09.xsd" key="MiningSchema">
<config key="learning">
<entry key="array-size" type="xint" value="11"/>
<entry key="0" type="xstring" value="C. military"/>
<entry key="1" type="xstring" value="C. congress"/>
<entry key="2" type="xstring" value="C. scientific community"/>
<entry key="3" type="xstring" value="C. television"/>
<entry key="4" type="xstring" value="C. press"/>
<entry key="5" type="xstring" value="C. federal government"/>
<entry key="6" type="xstring" value="C. education"/>
<entry key="7" type="xstring" value="C. organized religion"/>
<entry key="8" type="xstring" value="C. in major companies"/>
<entry key="9" type="xstring" value="C. banks"/>
<entry key="10" type="xstring" value="Religious preference"/>
</config>
<config key="target">
<entry key="array-size" type="xint" value="1"/>
<entry key="0" type="xstring" value="Political affiliation"/>
</config>
</config>
