<?xml version="1.0" encoding="UTF-8"?>
<config xmlns="http://www.knime.org/2008/09/XMLConfig" xmlns:xsi="http://www.w3.org/2001/XMLSchema-instance" xsi:schemaLocation="http://www.knime.org/2008/09/XMLConfig http://www.knime.org/XMLConfig_2008_09.xsd" key="MiningSchema">
<config key="learning">
<entry key="array-size" type="xint" value="11"/>
<entry key="0" type="xstring" value="Confidence in military"/>
<entry key="1" type="xstring" value="Confidence in congress"/>
<entry key="2" type="xstring" value="Confidence in scientific community"/>
<entry key="3" type="xstring" value="Confidence in television"/>
<entry key="4" type="xstring" value="Confidence in press"/>
<entry key="5" type="xstring" value="Confid. in exec branch of fed govt"/>
<entry key="6" type="xstring" value="Confidence in education"/>
<entry key="7" type="xstring" value="Confidence in organized religion"/>
<entry key="8" type="xstring" value="Confidence in major companies"/>
<entry key="9" type="xstring" value="Confid in banks &amp; financial institutions"/>
<entry key="10" type="xstring" value="Rs religious preference"/>
</config>
<config key="target">
<entry key="array-size" type="xint" value="1"/>
<entry key="0" type="xstring" value="Political party affiliation"/>
</config>
</config>
