<?xml version="1.0" encoding="UTF-8"?>
<config xmlns="http://www.knime.org/2008/09/XMLConfig" xmlns:xsi="http://www.w3.org/2001/XMLSchema-instance" xsi:schemaLocation="http://www.knime.org/2008/09/XMLConfig http://www.knime.org/XMLConfig_2008_09.xsd" key="MiningSchema">
<config key="learning">
<entry key="array-size" type="xint" value="9"/>
<entry key="0" type="xstring" value="Natarms"/>
<entry key="1" type="xstring" value="Natrace"/>
<entry key="2" type="xstring" value="Nateduc"/>
<entry key="3" type="xstring" value="Natdrug"/>
<entry key="4" type="xstring" value="Natcrime"/>
<entry key="5" type="xstring" value="Natcity"/>
<entry key="6" type="xstring" value="Natheal"/>
<entry key="7" type="xstring" value="Natenvir"/>
<entry key="8" type="xstring" value="Natespac"/>
</config>
<config key="target">
<entry key="array-size" type="xint" value="0"/>
</config>
</config>
